product_name,price,category,source,timestamp,discount_percent,is_bestseller,rating,view_count,sales_rank,url
Kitchen Cabinet Set,93201.57529152272,furniture,Jumia,2025-04-13 12:56:28.379580,15,False,2.7,586,17,https://www.jumia.com/products/35178
Harpic Toilet Cleaner 10L,5651.856800584751,detergents,Jumia,2025-05-13 12:56:28.379626,25,False,1.2,894,66,https://www.jumia.com/products/79995
Children's School Uniform Set,3993.6165558932194,fashion,Jumia,2025-04-25 12:56:28.379648,10,False,2.3,602,44,https://www.jumia.com/products/92970
LG 1000-Inch Smart TV,101424.33260000075,electronics,Jumia,2025-04-18 12:56:28.379659,20,False,3.6,46,34,https://www.jumia.com/products/40303
Car Battery,67437.24739239184,automotive,Jumia,2025-04-16 12:56:28.379673,0,False,4.1,817,99,https://www.jumia.com/products/83259
Windshield Wipers Set,99104.5282900578,automotive,Jumia,2025-05-11 12:56:28.379681,5,True,3.1,571,21,https://www.jumia.com/products/61622
Bookshelf 500 Tiers,14529.158114102822,furniture,Jumia,2025-04-14 12:56:28.379689,15,False,1.6,512,97,https://www.jumia.com/products/14924
Pepsi 10L,8203.105823564048,soft-drinks,Jumia,2025-04-15 12:56:28.379702,5,False,4.8,320,35,https://www.jumia.com/products/67714
Fanta Orange 55L,4748.227153922497,soft-drinks,Jumia,2025-05-11 12:56:28.379715,10,False,3.0,575,39,https://www.jumia.com/products/55693
Morning Fresh Dishwashing Liquid 15L,5929.74438757518,detergents,Jumia,2025-05-07 12:56:28.379725,5,False,3.0,890,47,https://www.jumia.com/products/16617
Nivea Body Lotion 1000ml,2958.8726704464275,personal-care,Konga,2025-05-02 12:56:28.379735,0,False,4.7,79,28,https://www.konga.com/products/20040
Coca-Cola 50L,8403.081068647944,soft-drinks,Konga,2025-04-23 12:56:28.379743,20,False,2.3,691,75,https://www.konga.com/products/61145
Oral-B Toothbrush,9014.231016366679,personal-care,Konga,2025-05-06 12:56:28.379750,15,False,1.3,48,24,https://www.konga.com/products/39599
Holy Bible King James Version,7976.565869435906,books,Konga,2025-05-12 12:56:28.379756,0,False,4.2,824,35,https://www.konga.com/products/62253
Head & Shoulders Shampoo 32ml,3247.0671571245684,personal-care,Konga,2025-04-14 12:56:28.379763,0,False,1.7,535,22,https://www.konga.com/products/57727
Tecno Spark 200 Smartphone,108428.9363311401,electronics,Konga,2025-05-05 12:56:28.379770,10,True,3.1,212,66,https://www.konga.com/products/44517
iPhone 10 Pro Max,221037.7548313998,electronics,Konga,2025-04-21 12:56:28.379777,0,False,1.9,712,62,https://www.konga.com/products/53669
Indomie Noodles Spicy 100g,1998.8077992827323,food,Konga,2025-04-30 12:56:28.379784,25,False,4.4,714,47,https://www.konga.com/products/66169
University Textbook Set,9058.574049160754,books,Konga,2025-05-13 12:56:28.379793,25,False,4.6,262,39,https://www.konga.com/products/81953
Face Masks Pack of 500,4886.630187223501,health,Konga,2025-05-10 12:56:28.379800,15,True,3.7,73,79,https://www.konga.com/products/69317
Lenovo Laptop 500GB RAM,212853.83986490496,electronics,Jiji,2025-04-20 12:56:28.379807,25,False,3.6,97,57,https://www.jiji.com/products/78862
Tecno Spark 40 Smartphone,344278.4962950031,electronics,Jiji,2025-04-21 12:56:28.379814,5,False,3.0,128,99,https://www.jiji.com/products/81828
Windshield Wipers Set,7588.524797627888,automotive,Jiji,2025-04-14 12:56:28.379821,5,True,4.0,482,42,https://www.jiji.com/products/52317
Hypo Bleach 1000L,2477.1923388390396,detergents,Jiji,2025-04-14 12:56:28.379827,0,False,3.0,188,64,https://www.jiji.com/products/80556
JBL Bluetooth Speaker,359879.4682494673,electronics,Jiji,2025-05-04 12:56:28.379834,25,True,4.6,539,22,https://www.jiji.com/products/59098
iPhone 32 Pro Max,362967.12311541016,electronics,Jiji,2025-04-30 12:56:28.379840,25,False,2.8,919,98,https://www.jiji.com/products/75583
Ovaltine Malted Drink 2000g,9827.082005233917,beverages,Jiji,2025-04-25 12:56:28.379848,10,False,4.7,389,4,https://www.jiji.com/products/20805
Digestive Biscuits 20g,9485.551133276878,snacks,Jiji,2025-05-05 12:56:28.379855,20,False,2.1,623,43,https://www.jiji.com/products/44912
Men's Cotton T-Shirt Size 20,5770.98086805485,fashion,Jiji,2025-04-24 12:56:28.379863,25,False,2.6,908,90,https://www.jiji.com/products/20693
Dashboard Camera,80141.21274902321,automotive,Jiji,2025-05-08 12:56:28.379869,10,False,3.2,610,29,https://www.jiji.com/products/31086
Buttermint Sweets 20g,7309.636519503601,snacks,PayPorte,2025-04-16 12:56:28.379876,25,False,2.2,957,74,https://www.payporte.com/products/49562
Things Fall Apart by Chinua Achebe,2104.7634957834753,books,PayPorte,2025-04-22 12:56:28.379883,5,False,4.6,54,71,https://www.payporte.com/products/63118
Seat Covers Set,35262.42462382862,automotive,PayPorte,2025-05-03 12:56:28.379889,20,False,2.7,32,47,https://www.payporte.com/products/77863
Men's Cotton T-Shirt Size 1000,9730.17837079718,fashion,PayPorte,2025-05-09 12:56:28.379896,30,False,4.8,51,8,https://www.payporte.com/products/69431
Lipton Yellow Label Tea 250g,6248.7063457847735,beverages,PayPorte,2025-04-26 12:56:28.379903,20,False,3.1,622,73,https://www.payporte.com/products/41973
iPhone 500 Pro Max,233257.6298015492,electronics,PayPorte,2025-04-19 12:56:28.379910,5,False,2.1,162,90,https://www.payporte.com/products/96730
Digestive Biscuits 5g,2145.1800073048494,snacks,PayPorte,2025-04-30 12:56:28.379916,30,True,3.0,83,81,https://www.payporte.com/products/28238
Orbit Chewing Gum 32g,6720.772154147762,snacks,PayPorte,2025-04-19 12:56:28.379923,0,False,2.7,263,33,https://www.payporte.com/products/93852
McVitie's Digestive 2000g,9354.318715790543,snacks,PayPorte,2025-04-30 12:56:28.379932,0,False,3.5,78,29,https://www.payporte.com/products/60280
Knorr Seasoning Cubes 10g,6262.6503662729065,food,PayPorte,2025-04-18 12:56:28.379939,25,False,3.2,704,31,https://www.payporte.com/products/61761
Sunlight Detergent 200kg,9228.614776659835,detergents,Kara,2025-05-05 12:56:28.379947,15,False,2.0,363,45,https://www.kara.com/products/49780
Lux Soap 20g,9611.899372054184,personal-care,Kara,2025-05-01 12:56:28.379953,0,False,4.7,839,60,https://www.kara.com/products/45052
Titus Sardines 20g,6841.577556230185,food,Kara,2025-05-08 12:56:28.379960,10,False,4.7,599,95,https://www.kara.com/products/33263
Coca-Cola 32L,4380.613194550577,soft-drinks,Kara,2025-04-20 12:56:28.379966,5,False,4.2,323,19,https://www.kara.com/products/83466
Digestive Biscuits 65g,5229.899414949451,snacks,Kara,2025-04-29 12:56:28.379973,0,True,1.4,729,12,https://www.kara.com/products/93389
Milo Energy Drink 40g,7247.147374200138,beverages,Kara,2025-05-08 12:56:28.379979,10,False,4.4,843,82,https://www.kara.com/products/65668
Buttermint Sweets 250g,5397.4408998882345,snacks,Kara,2025-04-17 12:56:28.379985,10,False,2.9,210,63,https://www.kara.com/products/11941
Michelin Tires Size 100,76411.95096267115,automotive,Kara,2025-04-19 12:56:28.379992,30,False,1.6,731,12,https://www.kara.com/products/89892
Milo Energy Drink 100g,1585.4178038949544,beverages,Kara,2025-05-12 12:56:28.380001,5,False,4.2,816,8,https://www.kara.com/products/74033
Dettol Surface Cleaner 65L,3876.4371781979435,detergents,Kara,2025-05-03 12:56:28.380007,30,False,1.5,553,50,https://www.kara.com/products/85667
Golden Penny Spaghetti 15g,7428.746673695913,food,Slot,2025-05-11 12:56:28.380014,20,False,2.9,128,46,https://www.slot.com/products/80502
Children's School Uniform Set,6276.009926129062,fashion,Slot,2025-04-24 12:56:28.380020,5,False,1.6,875,43,https://www.slot.com/products/48061
Surf Excel Detergent 250kg,837.3633077822908,detergents,Slot,2025-04-13 12:56:28.380028,5,True,2.4,760,98,https://www.slot.com/products/71637
Nivea Body Lotion 15ml,8758.022264391022,personal-care,Slot,2025-04-28 12:56:28.380035,25,False,1.3,628,51,https://www.slot.com/products/61411
Hisense 40-Inch Flat Screen TV,261958.45168100815,electronics,Slot,2025-04-28 12:56:28.380041,0,True,3.3,460,84,https://www.slot.com/products/18359
Nike Sports Shoes Size 55,9838.808886252711,fashion,Slot,2025-04-27 12:56:28.380048,20,True,2.3,165,69,https://www.slot.com/products/55851
Michelin Tires Size 50,33074.915708836474,automotive,Slot,2025-04-29 12:56:28.380056,20,False,4.5,531,23,https://www.slot.com/products/87382
Indomie Noodles Original 50g,4965.799524375265,food,Slot,2025-05-02 12:56:28.380090,0,True,2.7,738,63,https://www.slot.com/products/66275
Seat Covers Set,99119.99451470669,automotive,Slot,2025-05-06 12:56:28.380102,25,False,2.6,917,54,https://www.slot.com/products/92972
McVitie's Digestive 15g,4658.891521854467,snacks,Slot,2025-05-11 12:56:28.380108,0,True,1.1,175,46,https://www.slot.com/products/66203
Dining Table with 20 Chairs,73037.75437294098,furniture,AjeboMarket,2025-04-28 12:56:28.380116,0,False,4.7,61,27,https://www.ajebomarket.com/products/46832
WAEC Examination Prep Book,4562.505906459402,books,AjeboMarket,2025-04-26 12:56:28.380124,30,False,1.5,233,91,https://www.ajebomarket.com/products/29699
Bookshelf 65 Tiers,54138.98838421784,furniture,AjeboMarket,2025-04-25 12:56:28.380131,15,False,2.3,660,42,https://www.ajebomarket.com/products/24841
Ovaltine Malted Drink 20g,4277.288381370814,beverages,AjeboMarket,2025-04-17 12:56:28.380137,10,True,4.1,412,24,https://www.ajebomarket.com/products/80358
Knorr Seasoning Cubes 100g,7078.967909858701,food,AjeboMarket,2025-04-30 12:56:28.380144,15,False,2.4,833,79,https://www.ajebomarket.com/products/32641
Bournvita Chocolate Drink 250g,5923.862048784503,beverages,AjeboMarket,2025-05-06 12:56:28.380151,15,False,2.9,807,81,https://www.ajebomarket.com/products/59368
Gold Plated Necklace,3295.541887100399,fashion,AjeboMarket,2025-04-13 12:56:28.380158,0,False,4.4,965,73,https://www.ajebomarket.com/products/76911
Women's Summer Dress Size 40,7246.547263880231,fashion,AjeboMarket,2025-05-06 12:56:28.380164,15,False,2.4,65,85,https://www.ajebomarket.com/products/20310
Samsung Galaxy A55 Smartphone,161779.78521994475,electronics,AjeboMarket,2025-04-18 12:56:28.380172,5,False,4.5,888,94,https://www.ajebomarket.com/products/82098
Office Desk,23284.744432935924,furniture,AjeboMarket,2025-04-29 12:56:28.380179,15,False,2.3,304,69,https://www.ajebomarket.com/products/70409
Car Air Freshener,30771.440678671603,automotive,Obeezi,2025-05-08 12:56:28.380185,5,True,3.2,181,79,https://www.obeezi.com/products/39747
Michelin Tires Size 500,43280.34536553617,automotive,Obeezi,2025-05-01 12:56:28.380191,25,False,2.7,953,10,https://www.obeezi.com/products/23704
Gold Plated Necklace,8320.017889240658,fashion,Obeezi,2025-04-23 12:56:28.380198,5,False,4.1,359,45,https://www.obeezi.com/products/92775
Hand Sanitizer 1000ml,8271.899485309279,health,Obeezi,2025-04-26 12:56:28.380204,20,False,2.8,957,18,https://www.obeezi.com/products/18176
TV Stand with Storage,146667.5784981005,furniture,Obeezi,2025-05-09 12:56:28.380210,30,False,4.3,453,7,https://www.obeezi.com/products/68575
Oral-B Toothbrush,5697.380938964967,personal-care,Obeezi,2025-04-27 12:56:28.380227,20,False,3.4,200,84,https://www.obeezi.com/products/17128
Women's Summer Dress Size 15,5313.451821808683,fashion,Obeezi,2025-05-11 12:56:28.380234,15,False,2.7,695,45,https://www.obeezi.com/products/16683
Vitamin C Supplements 40mg,5196.117135423248,health,Obeezi,2025-05-11 12:56:28.380241,0,False,2.3,952,93,https://www.obeezi.com/products/17992
Honeywell Semolina 20kg,3278.510034508376,food,Obeezi,2025-05-04 12:56:28.380249,20,True,4.4,621,39,https://www.obeezi.com/products/81329
Car Battery,33264.98635998528,automotive,Obeezi,2025-04-24 12:56:28.380256,10,True,4.3,800,39,https://www.obeezi.com/products/44841
Hypo Bleach 200L,6843.47264058784,detergents,ChrisVicMall,2025-04-27 12:56:28.380268,5,True,3.4,460,46,https://www.chrisvicmall.com/products/29603
Ariel Detergent Powder 10kg,5257.7335346884265,detergents,ChrisVicMall,2025-04-13 12:56:28.380283,30,False,2.3,401,53,https://www.chrisvicmall.com/products/32581
Face Masks Pack of 15,6151.961217218118,health,ChrisVicMall,2025-04-23 12:56:28.380299,30,True,4.0,637,8,https://www.chrisvicmall.com/products/96625
Surf Excel Detergent 200kg,9296.449259499912,detergents,ChrisVicMall,2025-04-27 12:56:28.380311,25,False,4.2,306,76,https://www.chrisvicmall.com/products/34835
Queen Size Bed Frame,133134.4658317885,furniture,ChrisVicMall,2025-05-05 12:56:28.380324,25,False,3.9,898,70,https://www.chrisvicmall.com/products/61002
Titus Sardines 5g,3193.1815470616075,food,ChrisVicMall,2025-05-10 12:56:28.380332,25,False,4.7,463,39,https://www.chrisvicmall.com/products/18085
Hypo Bleach 55L,5943.7748822478725,detergents,ChrisVicMall,2025-04-18 12:56:28.380339,30,False,2.5,372,7,https://www.chrisvicmall.com/products/33173
Tecno Spark 32 Smartphone,210289.89101571278,electronics,ChrisVicMall,2025-04-28 12:56:28.380351,25,True,3.4,98,91,https://www.chrisvicmall.com/products/54782
Sprite 32L,9033.862359809273,soft-drinks,ChrisVicMall,2025-04-13 12:56:28.380368,25,False,4.5,360,10,https://www.chrisvicmall.com/products/16894
Hand Sanitizer 1000ml,4585.846231499978,health,ChrisVicMall,2025-04-21 12:56:28.380382,30,False,4.1,740,46,https://www.chrisvicmall.com/products/77283
Gold Plated Necklace,769.1274416993149,fashion,SuperMart,2025-05-03 12:56:28.380394,20,False,2.7,518,2,https://www.supermart.com/products/86732
JBL Bluetooth Speaker,167343.8389742039,electronics,SuperMart,2025-05-11 12:56:28.380405,30,False,2.1,211,86,https://www.supermart.com/products/80538
Seat Covers Set,93240.58315439781,automotive,SuperMart,2025-05-06 12:56:28.380417,25,False,1.4,873,27,https://www.supermart.com/products/34916
McVitie's Digestive 55g,1544.3427150917025,snacks,SuperMart,2025-05-06 12:56:28.380429,0,False,3.9,525,53,https://www.supermart.com/products/65772
Dining Table with 65 Chairs,42955.11695777396,furniture,SuperMart,2025-04-26 12:56:28.380441,15,False,3.2,403,85,https://www.supermart.com/products/35534
Dining Table with 200 Chairs,162668.62855935868,furniture,SuperMart,2025-05-04 12:56:28.380453,10,True,2.0,459,3,https://www.supermart.com/products/77665
Buttermint Sweets 200g,5006.411566970773,snacks,SuperMart,2025-04-21 12:56:28.380464,5,False,1.9,120,54,https://www.supermart.com/products/13904
Schweppes Tonic Water 200L,2327.315488551129,soft-drinks,SuperMart,2025-05-07 12:56:28.380472,30,False,2.7,506,13,https://www.supermart.com/products/65818
Tecno Spark 250 Smartphone,282122.3387357335,electronics,SuperMart,2025-05-01 12:56:28.380488,15,True,1.4,973,74,https://www.supermart.com/products/62701
McVitie's Digestive 2000g,2262.419926319146,snacks,SuperMart,2025-04-19 12:56:28.380501,0,False,3.2,505,67,https://www.supermart.com/products/84353
Gino Tomato Paste 40g,722.6111397203658,food,Fouani,2025-04-20 12:56:28.380522,25,False,2.6,151,4,https://www.fouani.com/products/78126
Gino Tomato Paste 15g,4117.795756450783,food,Fouani,2025-04-30 12:56:28.380536,30,True,3.5,167,50,https://www.fouani.com/products/71278
Bookshelf 65 Tiers,30243.977772767703,furniture,Fouani,2025-04-30 12:56:28.380543,20,False,2.2,181,31,https://www.fouani.com/products/53177
Nivea Body Lotion 100ml,2558.1107045149856,personal-care,Fouani,2025-04-26 12:56:28.380550,0,False,3.0,360,88,https://www.fouani.com/products/66148
Cowbell Milk Powder 50g,4923.460897944897,beverages,Fouani,2025-04-26 12:56:28.380556,20,False,2.8,575,36,https://www.fouani.com/products/53282
Children's Story Book Collection,685.1801056981376,books,Fouani,2025-05-10 12:56:28.380563,25,False,1.9,538,30,https://www.fouani.com/products/86027
Pure Bliss Wafers 1000g,1586.9600815306833,snacks,Fouani,2025-05-08 12:56:28.380569,20,True,3.1,894,29,https://www.fouani.com/products/83795
Seat Covers Set,50372.286099922196,automotive,Fouani,2025-04-14 12:56:28.380576,0,False,1.2,553,77,https://www.fouani.com/products/43137
Gino Tomato Paste 15g,7738.220719081428,food,Fouani,2025-04-22 12:56:28.380587,5,True,2.1,965,79,https://www.fouani.com/products/41332
Windshield Wipers Set,27309.844125738153,automotive,Fouani,2025-04-15 12:56:28.380601,10,False,1.2,613,29,https://www.fouani.com/products/29568
Lux Soap 5g,3958.498048528305,personal-care,3CHub,2025-05-02 12:56:28.380612,10,True,2.5,810,20,https://www.3chub.com/products/51609
Hisense 1000-Inch Flat Screen TV,152484.03215195952,electronics,3CHub,2025-04-19 12:56:28.380619,30,False,2.9,913,68,https://www.3chub.com/products/59453
Hypo Bleach 10L,5686.688407865378,detergents,3CHub,2025-04-18 12:56:28.380626,0,True,1.4,831,69,https://www.3chub.com/products/14921
Lux Soap 1000g,8724.228741532817,personal-care,3CHub,2025-04-27 12:56:28.380632,10,False,4.7,588,34,https://www.3chub.com/products/77341
Car Air Freshener,97368.27107683758,automotive,3CHub,2025-04-26 12:56:28.380639,30,False,1.8,957,45,https://www.3chub.com/products/62430
Harpic Toilet Cleaner 250L,8005.342203751621,detergents,3CHub,2025-05-11 12:56:28.380645,25,True,3.7,76,9,https://www.3chub.com/products/91764
WAEC Examination Prep Book,2925.996523771791,books,3CHub,2025-04-16 12:56:28.380651,30,False,4.6,252,93,https://www.3chub.com/products/44077
Pure Bliss Wafers 250g,6301.600097948962,snacks,3CHub,2025-04-21 12:56:28.380657,20,False,4.3,522,32,https://www.3chub.com/products/83591
Women's Summer Dress Size 32,6508.518870066653,fashion,3CHub,2025-04-18 12:56:28.386193,10,False,3.6,138,13,https://www.3chub.com/products/90165
Digital Thermometer,6622.129964216934,health,3CHub,2025-05-06 12:56:28.386226,30,True,2.2,868,6,https://www.3chub.com/products/93643
Hand Sanitizer 5ml,8115.909600044008,health,ParktelOnline,2025-05-11 12:56:28.386244,30,False,2.2,660,88,https://www.parktelonline.com/products/28516
Titus Sardines 32g,4616.4867630572735,food,ParktelOnline,2025-04-17 12:56:28.386258,5,False,1.6,768,26,https://www.parktelonline.com/products/63707
Michelin Tires Size 65,73444.57270442366,automotive,ParktelOnline,2025-04-13 12:56:28.386272,25,False,1.4,955,62,https://www.parktelonline.com/products/84317
Hisense 65-Inch Flat Screen TV,486155.5461834677,electronics,ParktelOnline,2025-05-01 12:56:28.386290,20,False,1.5,193,90,https://www.parktelonline.com/products/81774
First Aid Kit,542.2623355717229,health,ParktelOnline,2025-04-28 12:56:28.386305,0,False,2.0,569,9,https://www.parktelonline.com/products/36171
Golden Penny Rice 2000kg,5680.782182183626,food,ParktelOnline,2025-04-14 12:56:28.386331,5,False,4.5,278,8,https://www.parktelonline.com/products/58757
Windshield Wipers Set,6783.38047151896,automotive,ParktelOnline,2025-05-08 12:56:28.386344,20,False,2.1,675,100,https://www.parktelonline.com/products/86514
Dettol Soap 2000g,2312.8713316257804,personal-care,ParktelOnline,2025-05-02 12:56:28.386357,25,False,3.6,528,47,https://www.parktelonline.com/products/88683
Ankara Fabric 10 Yards,4474.0025753401205,fashion,ParktelOnline,2025-05-08 12:56:28.386383,0,True,1.2,868,80,https://www.parktelonline.com/products/52278
WAEC Examination Prep Book,5428.399886240489,books,ParktelOnline,2025-05-02 12:56:28.386399,25,False,1.8,252,42,https://www.parktelonline.com/products/22850
TV Stand with Storage,34466.95007041792,furniture,JustFones,2025-05-10 12:56:28.386412,15,True,2.2,756,49,https://www.justfones.com/products/79892
Oraimo Wireless Earbuds,264552.2628354203,electronics,JustFones,2025-05-05 12:56:28.386424,30,True,4.2,360,65,https://www.justfones.com/products/33670
Mosquito Repellent Spray 15ml,1917.081665614321,health,JustFones,2025-04-19 12:56:28.386437,20,False,1.5,852,38,https://www.justfones.com/products/98496
250-Seater Sofa Set,33576.45040156931,furniture,JustFones,2025-04-30 12:56:28.386449,20,False,5.0,861,26,https://www.justfones.com/products/39504
Kings Oil Vegetable Oil 65L,3870.9226952916915,food,JustFones,2025-05-04 12:56:28.386461,5,False,1.1,211,37,https://www.justfones.com/products/89991
Holy Bible King James Version,8979.410706096336,books,JustFones,2025-04-24 12:56:28.386474,25,False,4.0,178,82,https://www.justfones.com/products/50913
Wardrobe 200 Doors,144721.9120163417,furniture,JustFones,2025-04-29 12:56:28.386487,0,False,2.9,845,44,https://www.justfones.com/products/83872
McVitie's Digestive 100g,4181.384712655083,snacks,JustFones,2025-04-14 12:56:28.386505,25,True,2.5,238,32,https://www.justfones.com/products/20358
Ovaltine Malted Drink 2000g,1557.397021841802,beverages,JustFones,2025-05-05 12:56:28.386644,0,False,3.3,363,4,https://www.justfones.com/products/94041
McVitie's Digestive 100g,4895.359710312081,snacks,JustFones,2025-04-26 12:56:28.386660,20,False,1.0,369,46,https://www.justfones.com/products/63454
Office Desk,39121.04487116351,furniture,PointekOnline,2025-05-03 12:56:28.386674,30,False,1.6,258,82,https://www.pointekonline.com/products/38431
Sony 55-Inch LED TV,168337.62995608817,electronics,PointekOnline,2025-05-07 12:56:28.386688,20,True,4.6,174,20,https://www.pointekonline.com/products/51370
Head & Shoulders Shampoo 20ml,2635.87698411986,personal-care,PointekOnline,2025-05-11 12:56:28.386702,30,False,4.9,296,6,https://www.pointekonline.com/products/97312
Car Engine Oil 500L,38854.925072978425,automotive,PointekOnline,2025-05-10 12:56:28.386715,10,False,4.3,48,3,https://www.pointekonline.com/products/85658
Digestive Biscuits 2000g,1942.8433236174,snacks,PointekOnline,2025-04-28 12:56:28.386727,0,False,4.3,889,68,https://www.pointekonline.com/products/98903
Men's Cotton T-Shirt Size 250,4379.231301200307,fashion,PointekOnline,2025-04-20 12:56:28.386742,5,False,4.5,595,40,https://www.pointekonline.com/products/33446
Golden Penny Spaghetti 100g,3044.489703137183,food,PointekOnline,2025-04-17 12:56:28.386754,15,False,1.6,638,40,https://www.pointekonline.com/products/11835
Nescafé Classic Coffee 200g,7850.935387205232,beverages,PointekOnline,2025-04-25 12:56:28.386767,0,False,4.1,775,66,https://www.pointekonline.com/products/41033
Teem Bitter Lemon 15L,3656.9419974319076,soft-drinks,PointekOnline,2025-04-21 12:56:28.386782,0,False,1.3,384,48,https://www.pointekonline.com/products/24027
Nike Sports Shoes Size 500,822.0959855722142,fashion,PointekOnline,2025-05-05 12:56:28.386795,0,False,2.0,461,22,https://www.pointekonline.com/products/36566
Mosquito Repellent Spray 200ml,8833.686751525847,health,FoodCo,2025-05-07 12:56:28.386809,25,True,3.2,555,35,https://www.foodco.com/products/28198
Fanta Orange 65L,5512.5560477105255,soft-drinks,FoodCo,2025-04-21 12:56:28.386822,5,False,3.4,956,35,https://www.foodco.com/products/87605
Vitamin C Supplements 100mg,3381.856281501545,health,FoodCo,2025-04-18 12:56:28.386834,15,False,2.1,294,52,https://www.foodco.com/products/93191
Women's Summer Dress Size 10,8220.213088738457,fashion,FoodCo,2025-04-18 12:56:28.386846,25,False,2.5,740,39,https://www.foodco.com/products/57301
Dettol Soap 10g,5952.10407349186,personal-care,FoodCo,2025-04-17 12:56:28.386858,0,False,1.9,819,28,https://www.foodco.com/products/76693
Teem Bitter Lemon 1000L,8918.326311790577,soft-drinks,FoodCo,2025-05-06 12:56:28.386871,25,False,4.9,819,1,https://www.foodco.com/products/76024
Bournvita Chocolate Drink 55g,9678.386472640545,beverages,FoodCo,2025-04-27 12:56:28.386884,10,False,3.3,253,97,https://www.foodco.com/products/96131
Sunlight Detergent 5kg,1843.3413973556558,detergents,FoodCo,2025-05-11 12:56:28.386896,0,True,2.5,61,4,https://www.foodco.com/products/71864
Gino Tomato Paste 250g,8109.793338748378,food,FoodCo,2025-04-18 12:56:28.386911,20,False,1.8,357,62,https://www.foodco.com/products/65577
Oral-B Toothbrush,4938.335209926975,personal-care,FoodCo,2025-04-24 12:56:28.386925,15,False,1.9,193,28,https://www.foodco.com/products/41550
Children's Story Book Collection,1789.9272905489674,books,PricePally,2025-04-20 12:56:28.386938,10,False,3.0,718,60,https://www.pricepally.com/products/17718
Business Management Guide,7777.6200587289695,books,PricePally,2025-04-16 12:56:28.386951,0,False,4.1,985,81,https://www.pricepally.com/products/62949
Lipton Yellow Label Tea 40g,2743.4705986073955,beverages,PricePally,2025-05-06 12:56:28.386963,15,False,1.4,470,97,https://www.pricepally.com/products/85707
Dettol Soap 5g,5829.138239182597,personal-care,PricePally,2025-04-13 12:56:28.386976,10,False,1.5,439,34,https://www.pricepally.com/products/55390
Children's School Uniform Set,8482.394774082193,fashion,PricePally,2025-05-08 12:56:28.386988,5,True,4.6,536,10,https://www.pricepally.com/products/14591
Women's Summer Dress Size 32,2388.432608167416,fashion,PricePally,2025-04-20 12:56:28.387002,5,False,1.1,405,87,https://www.pricepally.com/products/23630
Titus Sardines 32g,7100.512664478018,food,PricePally,2025-04-24 12:56:28.387014,15,False,4.7,990,69,https://www.pricepally.com/products/11893
Car Wash Kit,12955.860529532538,automotive,PricePally,2025-05-03 12:56:28.387026,25,False,1.3,430,28,https://www.pricepally.com/products/86711
McVitie's Digestive 20g,5385.545130467024,snacks,PricePally,2025-04-18 12:56:28.387039,5,True,3.8,278,63,https://www.pricepally.com/products/64455
Pure Bliss Wafers 100g,5239.979336060153,snacks,PricePally,2025-05-06 12:56:28.387051,5,False,3.2,352,58,https://www.pricepally.com/products/55196
Sprite 2000L,6008.847341268333,soft-drinks,SuperMart,2025-04-13 12:56:28.387079,5,False,1.4,729,74,https://www.supermart.com/products/27586
Car Wash Kit,84010.77183858892,automotive,SuperMart,2025-05-08 12:56:28.387093,10,False,2.2,388,81,https://www.supermart.com/products/97235
500-Seater Sofa Set,18635.806747810624,furniture,SuperMart,2025-04-25 12:56:28.387105,25,False,2.5,259,35,https://www.supermart.com/products/14940
Cowbell Milk Powder 100g,6964.859400315568,beverages,SuperMart,2025-05-07 12:56:28.387117,5,False,3.5,68,30,https://www.supermart.com/products/82730
Car Engine Oil 500L,49291.21279454042,automotive,SuperMart,2025-04-17 12:56:28.387129,25,False,4.3,962,22,https://www.supermart.com/products/58037
Samsung Galaxy A20 Smartphone,116484.89799232151,electronics,SuperMart,2025-05-08 12:56:28.387141,20,True,3.0,812,86,https://www.supermart.com/products/13033
LG 2000-Inch Smart TV,486539.1873311804,electronics,SuperMart,2025-05-12 12:56:28.387153,25,True,3.3,244,95,https://www.supermart.com/products/60345
Ankara Fabric 100 Yards,3536.227770966381,fashion,SuperMart,2025-05-06 12:56:28.387166,20,True,3.6,140,83,https://www.supermart.com/products/31663
Oral-B Toothbrush,9613.29529025826,personal-care,SuperMart,2025-04-30 12:56:28.387181,5,False,3.2,979,39,https://www.supermart.com/products/22296
WAEC Examination Prep Book,1914.8304448536398,books,SuperMart,2025-04-13 12:56:28.387192,10,False,2.2,116,35,https://www.supermart.com/products/56987
Mosquito Repellent Spray 1000ml,1624.2703554888938,health,MyChopChop,2025-04-26 12:56:28.387204,15,False,4.6,418,58,https://www.mychopchop.com/products/96414
Ariel Detergent Powder 10kg,2027.968605584528,detergents,MyChopChop,2025-04-30 12:56:28.387217,30,False,2.4,96,50,https://www.mychopchop.com/products/88686
Tecno Spark 500 Smartphone,19262.324914443798,electronics,MyChopChop,2025-05-03 12:56:28.387230,10,False,3.9,129,87,https://www.mychopchop.com/products/18286
Hisense 100-Inch Flat Screen TV,318233.1495814864,electronics,MyChopChop,2025-04-28 12:56:28.387242,20,False,4.8,50,76,https://www.mychopchop.com/products/63422
Indomie Noodles Chicken 40g,4185.641396449497,food,MyChopChop,2025-05-04 12:56:28.387255,20,False,2.1,31,27,https://www.mychopchop.com/products/23209
Mosquito Repellent Spray 100ml,2386.1501892131328,health,MyChopChop,2025-04-26 12:56:28.387268,5,False,1.8,640,25,https://www.mychopchop.com/products/86763
University Textbook Set,7834.181265997804,books,MyChopChop,2025-04-28 12:56:28.387280,20,False,4.6,676,59,https://www.mychopchop.com/products/41746
Nivea Body Lotion 20ml,7190.242580347198,personal-care,MyChopChop,2025-04-20 12:56:28.387291,30,True,3.3,125,35,https://www.mychopchop.com/products/61487
Car Wash Kit,24205.59208442603,automotive,MyChopChop,2025-04-28 12:56:28.387306,25,True,1.6,418,9,https://www.mychopchop.com/products/45148
Close-Up Toothpaste 20g,2788.9889312210607,personal-care,MyChopChop,2025-05-05 12:56:28.387318,0,False,1.2,478,34,https://www.mychopchop.com/products/24068
iPhone 32 Pro Max,170157.1234268046,electronics,Ofadaa,2025-05-01 12:56:28.387331,0,False,4.5,388,96,https://www.ofadaa.com/products/24491
Vitamin C Supplements 200mg,2203.533397301746,health,Ofadaa,2025-04-21 12:56:28.387347,30,False,4.9,564,13,https://www.ofadaa.com/products/98711
Bournvita Chocolate Drink 500g,7331.488506703594,beverages,Ofadaa,2025-04-28 12:56:28.387360,15,False,1.4,519,2,https://www.ofadaa.com/products/59817
Samsung Galaxy A10 Smartphone,392778.58157779975,electronics,Ofadaa,2025-05-05 12:56:28.387372,30,False,4.4,454,10,https://www.ofadaa.com/products/99216
Titus Sardines 15g,8986.971659304027,food,Ofadaa,2025-04-24 12:56:28.387384,15,True,3.3,35,58,https://www.ofadaa.com/products/72909
Gino Tomato Paste 1000g,6684.669890066847,food,Ofadaa,2025-05-02 12:56:28.387396,10,False,2.1,136,35,https://www.ofadaa.com/products/45561
Designer Wristwatch,5616.781307069009,fashion,Ofadaa,2025-04-27 12:56:28.387408,15,False,2.0,499,22,https://www.ofadaa.com/products/82676
Mosquito Repellent Spray 15ml,3149.315376724561,health,Ofadaa,2025-05-09 12:56:28.387419,5,False,4.1,124,55,https://www.ofadaa.com/products/98328
Dining Table with 50 Chairs,123015.55941729186,furniture,Ofadaa,2025-05-02 12:56:28.387434,15,True,3.7,615,34,https://www.ofadaa.com/products/65489
Close-Up Toothpaste 100g,3543.9117660101574,personal-care,Ofadaa,2025-05-06 12:56:28.387446,25,False,3.5,942,46,https://www.ofadaa.com/products/33079
Blood Pressure Monitor,3110.6454626704754,health,ZikelCosmetics,2025-04-28 12:56:28.387459,10,False,4.2,194,33,https://www.zikelcosmetics.com/products/47602
Nike Sports Shoes Size 200,8586.366653535111,fashion,ZikelCosmetics,2025-04-30 12:56:28.387471,20,True,3.5,488,81,https://www.zikelcosmetics.com/products/75821
Bookshelf 40 Tiers,17438.121515042487,furniture,ZikelCosmetics,2025-04-23 12:56:28.387483,0,False,2.3,171,86,https://www.zikelcosmetics.com/products/75532
Pepsi 20L,2619.010893906572,soft-drinks,ZikelCosmetics,2025-04-25 12:56:28.387500,15,False,1.4,916,9,https://www.zikelcosmetics.com/products/26329
TV Stand with Storage,125928.47569539162,furniture,ZikelCosmetics,2025-04-24 12:56:28.387513,15,True,2.5,140,85,https://www.zikelcosmetics.com/products/46548
Nestlé Pure Life Water 15L,4896.271159793997,beverages,ZikelCosmetics,2025-05-02 12:56:28.387525,20,False,1.4,232,34,https://www.zikelcosmetics.com/products/86474
Car Air Freshener,6517.580468959184,automotive,ZikelCosmetics,2025-05-01 12:56:28.387538,25,False,3.1,65,80,https://www.zikelcosmetics.com/products/75832
Car Air Freshener,52135.16620882174,automotive,ZikelCosmetics,2025-05-10 12:56:28.387552,10,False,3.0,916,87,https://www.zikelcosmetics.com/products/10244
Peak Milk Powder 50g,2994.059461964311,beverages,ZikelCosmetics,2025-04-21 12:56:28.387565,25,False,4.4,492,62,https://www.zikelcosmetics.com/products/14136
Lux Soap 55g,3366.1803499831303,personal-care,ZikelCosmetics,2025-04-14 12:56:28.387577,0,False,4.1,427,97,https://www.zikelcosmetics.com/products/24963
Things Fall Apart by Chinua Achebe,9153.544342739566,books,RuffnTumbleKids,2025-05-13 12:56:28.387590,15,True,4.0,179,63,https://www.ruffntumblekids.com/products/30312
Michelin Tires Size 55,99465.82257613204,automotive,RuffnTumbleKids,2025-04-24 12:56:28.387601,0,False,2.3,646,31,https://www.ruffntumblekids.com/products/51657
Dettol Surface Cleaner 10L,8076.951137494579,detergents,RuffnTumbleKids,2025-05-02 12:56:28.387613,0,False,4.6,988,93,https://www.ruffntumblekids.com/products/50860
Ovaltine Malted Drink 32g,4385.343300525835,beverages,RuffnTumbleKids,2025-04-17 12:56:28.387625,20,False,1.1,18,12,https://www.ruffntumblekids.com/products/82753
Mountain Dew 50L,6706.80445080918,soft-drinks,RuffnTumbleKids,2025-04-15 12:56:28.387639,25,False,4.7,400,4,https://www.ruffntumblekids.com/products/87525
Sunlight Detergent 200kg,5595.428095771757,detergents,RuffnTumbleKids,2025-05-05 12:56:28.387651,20,True,4.0,240,34,https://www.ruffntumblekids.com/products/23960
Designer Wristwatch,9297.419261305331,fashion,RuffnTumbleKids,2025-05-05 12:56:28.387663,25,False,4.6,759,70,https://www.ruffntumblekids.com/products/84658
Car Battery,94487.60804900753,automotive,RuffnTumbleKids,2025-04-29 12:56:28.387675,5,False,4.4,422,7,https://www.ruffntumblekids.com/products/11273
Kitchen Cabinet Set,114504.70505655532,furniture,RuffnTumbleKids,2025-04-15 12:56:28.387689,5,False,1.8,78,71,https://www.ruffntumblekids.com/products/91099
Children's School Uniform Set,9387.26808567527,fashion,RuffnTumbleKids,2025-04-27 12:56:28.387701,15,False,3.4,800,3,https://www.ruffntumblekids.com/products/25696
Gold Plated Necklace,9218.06183999738,fashion,TheLadyMaker,2025-05-01 12:56:28.387713,30,False,3.9,777,99,https://www.theladymaker.com/products/90147
Honeywell Semolina 50kg,2685.0486701823656,food,TheLadyMaker,2025-05-02 12:56:28.387724,5,True,4.5,946,54,https://www.theladymaker.com/products/44137
Men's Cotton T-Shirt Size 40,5354.075131164218,fashion,TheLadyMaker,2025-04-29 12:56:28.387736,20,True,3.7,727,33,https://www.theladymaker.com/products/54294
Men's Cotton T-Shirt Size 2000,528.7840156406685,fashion,TheLadyMaker,2025-04-15 12:56:28.387748,30,True,1.2,130,42,https://www.theladymaker.com/products/24097
Tecno Spark 32 Smartphone,451364.7983169443,electronics,TheLadyMaker,2025-05-07 12:56:28.387760,20,True,2.6,328,83,https://www.theladymaker.com/products/36769
Ankara Fabric 15 Yards,9719.380882881893,fashion,TheLadyMaker,2025-05-08 12:56:28.387772,20,False,1.7,149,94,https://www.theladymaker.com/products/34493
Women's Summer Dress Size 1000,4100.3321487975345,fashion,TheLadyMaker,2025-04-20 12:56:28.387786,30,False,1.1,658,3,https://www.theladymaker.com/products/51104
Wardrobe 65 Doors,92587.36085787044,furniture,TheLadyMaker,2025-04-19 12:56:28.387814,15,False,1.9,959,54,https://www.theladymaker.com/products/21354
Buttermint Sweets 32g,6482.461847882009,snacks,TheLadyMaker,2025-04-30 12:56:28.387829,25,False,1.9,669,100,https://www.theladymaker.com/products/98300
Car Air Freshener,9666.716911720814,automotive,TheLadyMaker,2025-04-20 12:56:28.387841,0,False,4.3,859,70,https://www.theladymaker.com/products/17915
Digital Thermometer,3615.4833391299358,health,PoloAvenue,2025-04-16 12:56:28.387854,5,False,1.6,430,26,https://www.poloavenue.com/products/34930
Things Fall Apart by Chinua Achebe,4414.110017262448,books,PoloAvenue,2025-05-13 12:56:28.387865,15,False,2.9,735,45,https://www.poloavenue.com/products/70993
Children's Story Book Collection,6403.06706222182,books,PoloAvenue,2025-05-02 12:56:28.387877,20,False,4.8,897,23,https://www.poloavenue.com/products/87286
Dettol Surface Cleaner 50L,8971.662563840811,detergents,PoloAvenue,2025-04-22 12:56:28.387889,20,False,2.7,977,97,https://www.poloavenue.com/products/12891
Bookshelf 55 Tiers,142375.69383348708,furniture,PoloAvenue,2025-04-23 12:56:28.387902,0,False,1.9,221,41,https://www.poloavenue.com/products/60576
Morning Fresh Dishwashing Liquid 250L,7568.656550172936,detergents,PoloAvenue,2025-05-10 12:56:28.387914,20,False,2.0,435,5,https://www.poloavenue.com/products/87550
Lipton Yellow Label Tea 40g,3353.070290986019,beverages,PoloAvenue,2025-04-13 12:56:28.387926,30,False,2.6,88,32,https://www.poloavenue.com/products/31895
Car Wash Kit,26464.729000555923,automotive,PoloAvenue,2025-04-30 12:56:28.387938,5,False,3.3,273,74,https://www.poloavenue.com/products/67904
Gold Plated Necklace,573.7393224274895,fashion,PoloAvenue,2025-04-23 12:56:28.387952,10,True,1.7,520,30,https://www.poloavenue.com/products/11157
Mirinda 250L,7213.7505348243,soft-drinks,PoloAvenue,2025-05-10 12:56:28.387965,0,False,3.2,147,47,https://www.poloavenue.com/products/62014
Mosquito Repellent Spray 55ml,2778.481050813224,health,Shopaholic,2025-05-12 12:56:28.387978,25,False,1.8,266,98,https://www.shopaholic.com/products/33096
Pringles Extra 32g,1454.5118005507884,snacks,Shopaholic,2025-04-26 12:56:28.387990,15,False,3.3,979,23,https://www.shopaholic.com/products/38869
LG 15-Inch Smart TV,267612.9433103664,electronics,Shopaholic,2025-04-15 12:56:28.388003,15,True,5.0,165,90,https://www.shopaholic.com/products/86106
Hand Sanitizer 15ml,5015.256890833771,health,Shopaholic,2025-04-23 12:56:28.388017,30,False,3.9,489,4,https://www.shopaholic.com/products/93447
Leather Handbag,7857.7485179805335,fashion,Shopaholic,2025-04-16 12:56:28.388029,25,True,2.2,462,46,https://www.shopaholic.com/products/69396
Mosquito Repellent Spray 5ml,9272.73754505121,health,Shopaholic,2025-05-05 12:56:28.388041,20,False,1.9,327,77,https://www.shopaholic.com/products/19646
McVitie's Digestive 32g,1911.5498111218367,snacks,Shopaholic,2025-04-18 12:56:28.388053,30,False,2.0,110,22,https://www.shopaholic.com/products/43055
Lenovo Laptop 55GB RAM,356823.45813372574,electronics,Shopaholic,2025-04-28 12:56:28.388078,25,False,2.2,972,84,https://www.shopaholic.com/products/88229
Men's Cotton T-Shirt Size 20,9127.575635574985,fashion,Shopaholic,2025-05-11 12:56:28.388093,0,False,1.7,314,16,https://www.shopaholic.com/products/50209
Knorr Seasoning Cubes 10g,1829.8567162312786,food,Shopaholic,2025-05-03 12:56:28.388107,20,False,1.2,306,54,https://www.shopaholic.com/products/93574
Tom Tom Sweet 200g,9863.028085229269,snacks,BedmateFurniture,2025-04-29 12:56:28.388120,0,True,4.6,838,31,https://www.bedmatefurniture.com/products/89581
Nivea Body Lotion 65ml,1066.5682555616665,personal-care,BedmateFurniture,2025-04-26 12:56:28.388131,15,False,1.1,200,54,https://www.bedmatefurniture.com/products/11135
Paracetamol Tablets 20mg,6322.788754857382,health,BedmateFurniture,2025-05-05 12:56:28.388143,25,False,1.2,375,55,https://www.bedmatefurniture.com/products/69777
7UP 10L,980.2636413466624,soft-drinks,BedmateFurniture,2025-05-08 12:56:28.388155,25,False,2.6,793,100,https://www.bedmatefurniture.com/products/78336
Things Fall Apart by Chinua Achebe,4074.4257819415056,books,BedmateFurniture,2025-05-05 12:56:28.388168,0,False,1.1,60,2,https://www.bedmatefurniture.com/products/82931
University Textbook Set,6608.762116077903,books,BedmateFurniture,2025-05-05 12:56:28.388180,30,False,2.8,164,30,https://www.bedmatefurniture.com/products/49254
Windshield Wipers Set,99135.84829445215,automotive,BedmateFurniture,2025-05-12 12:56:28.388191,25,False,4.1,226,42,https://www.bedmatefurniture.com/products/98505
Men's Cotton T-Shirt Size 55,6832.469129761179,fashion,BedmateFurniture,2025-04-25 12:56:28.388203,10,True,2.2,696,74,https://www.bedmatefurniture.com/products/95702
Leather Handbag,2549.1224078098307,fashion,BedmateFurniture,2025-04-16 12:56:28.388217,15,False,4.1,918,85,https://www.bedmatefurniture.com/products/35966
Morning Fresh Dishwashing Liquid 250L,9878.185011205287,detergents,BedmateFurniture,2025-04-19 12:56:28.388229,0,False,4.5,769,62,https://www.bedmatefurniture.com/products/29237
Dining Table with 1000 Chairs,87784.86918627204,furniture,LifemateNigeria,2025-05-04 12:56:28.388242,15,False,2.1,963,1,https://www.lifematenigeria.com/products/21299
Mountain Dew 20L,4287.392775145227,soft-drinks,LifemateNigeria,2025-04-18 12:56:28.388254,5,False,3.6,895,70,https://www.lifematenigeria.com/products/25086
Mosquito Repellent Spray 65ml,1075.1161809158752,health,LifemateNigeria,2025-04-30 12:56:28.388278,30,False,1.3,192,16,https://www.lifematenigeria.com/products/16738
Mountain Dew 500L,3411.9670996071495,soft-drinks,LifemateNigeria,2025-04-27 12:56:28.388291,25,True,2.7,271,63,https://www.lifematenigeria.com/products/19854
Pure Bliss Wafers 1000g,2595.527789910986,snacks,LifemateNigeria,2025-05-12 12:56:28.388304,10,False,4.8,571,26,https://www.lifematenigeria.com/products/39152
Samsung Galaxy A50 Smartphone,368574.70488167,electronics,LifemateNigeria,2025-05-03 12:56:28.388316,0,False,4.2,36,74,https://www.lifematenigeria.com/products/10141
Pepsi 250L,5254.742231414416,soft-drinks,LifemateNigeria,2025-04-24 12:56:28.388328,0,False,3.6,479,64,https://www.lifematenigeria.com/products/22913
Teem Bitter Lemon 32L,3471.3491408003997,soft-drinks,LifemateNigeria,2025-04-20 12:56:28.388341,30,False,3.8,73,79,https://www.lifematenigeria.com/products/19842
First Aid Kit,4890.993244392946,health,LifemateNigeria,2025-05-01 12:56:28.388356,20,False,1.4,800,85,https://www.lifematenigeria.com/products/81893
Pure Bliss Wafers 10g,5893.9557472944325,snacks,LifemateNigeria,2025-05-08 12:56:28.388368,30,True,3.0,443,55,https://www.lifematenigeria.com/products/67629
Pure Bliss Wafers 15g,7904.47264369706,snacks,AvenueMall,2025-04-30 12:56:28.388382,20,True,4.4,201,54,https://www.avenuemall.com/products/95702
Titus Sardines 1000g,810.8853873386084,food,AvenueMall,2025-05-07 12:56:28.388394,0,False,3.8,265,9,https://www.avenuemall.com/products/27746
JBL Bluetooth Speaker,396819.4352416025,electronics,AvenueMall,2025-04-19 12:56:28.388406,10,False,2.2,876,40,https://www.avenuemall.com/products/12824
TV Stand with Storage,24330.77117150065,furniture,AvenueMall,2025-04-13 12:56:28.388417,20,True,1.2,747,12,https://www.avenuemall.com/products/96753
Ariel Detergent Powder 65kg,1069.434931741368,detergents,AvenueMall,2025-04-17 12:56:28.388429,15,False,4.7,133,36,https://www.avenuemall.com/products/29659
Face Masks Pack of 5,8318.277851597888,health,AvenueMall,2025-04-28 12:56:28.388446,20,False,3.9,549,74,https://www.avenuemall.com/products/55421
Paracetamol Tablets 100mg,9812.072228322908,health,AvenueMall,2025-04-26 12:56:28.388459,25,True,3.3,208,37,https://www.avenuemall.com/products/21691
Rexona Deodorant 10ml,9890.209076588957,personal-care,AvenueMall,2025-05-09 12:56:28.388471,10,True,3.0,273,36,https://www.avenuemall.com/products/21862
Business Management Guide,6639.497038622291,books,AvenueMall,2025-04-25 12:56:28.388485,10,False,2.0,436,57,https://www.avenuemall.com/products/41383
Schweppes Tonic Water 1000L,9041.143713578304,soft-drinks,AvenueMall,2025-04-26 12:56:28.388512,15,False,1.6,202,69,https://www.avenuemall.com/products/53576
Mosquito Repellent Spray 55ml,2978.2344579851847,health,DreamsFurnitures,2025-04-24 12:56:28.388525,30,True,4.1,357,47,https://www.dreamsfurnitures.com/products/84413
Kings Oil Vegetable Oil 250L,4835.571282413977,food,DreamsFurnitures,2025-04-29 12:56:28.388537,0,False,4.1,466,18,https://www.dreamsfurnitures.com/products/63499
Nestlé Pure Life Water 15L,9147.033306445706,beverages,DreamsFurnitures,2025-05-06 12:56:28.388550,15,False,1.1,334,30,https://www.dreamsfurnitures.com/products/90694
Hand Sanitizer 20ml,3785.2280779538496,health,DreamsFurnitures,2025-05-10 12:56:28.388562,30,True,4.3,163,40,https://www.dreamsfurnitures.com/products/33889
Vitamin C Supplements 250mg,6356.803205976399,health,DreamsFurnitures,2025-04-28 12:56:28.388575,10,False,3.7,864,23,https://www.dreamsfurnitures.com/products/20517
Children's Story Book Collection,8896.701144271368,books,DreamsFurnitures,2025-05-11 12:56:28.388586,15,False,3.0,335,51,https://www.dreamsfurnitures.com/products/72576
TV Stand with Storage,148230.63794209415,furniture,DreamsFurnitures,2025-04-15 12:56:28.388598,10,True,2.4,672,37,https://www.dreamsfurnitures.com/products/87502
55-Seater Sofa Set,42554.76116863775,furniture,DreamsFurnitures,2025-04-26 12:56:28.388612,30,False,2.5,425,80,https://www.dreamsfurnitures.com/products/58068
Car Wash Kit,83158.99929821382,automotive,DreamsFurnitures,2025-04-19 12:56:28.388626,25,False,4.8,100,14,https://www.dreamsfurnitures.com/products/52250
Queen Size Bed Frame,113029.91277491815,furniture,DreamsFurnitures,2025-05-03 12:56:28.388637,5,False,2.3,763,100,https://www.dreamsfurnitures.com/products/30467
McVitie's Digestive 40g,6921.816571190629,snacks,ZRTales,2025-04-13 12:56:28.388650,30,False,2.3,339,2,https://www.zrtales.com/products/96610
Teem Bitter Lemon 55L,3458.1413748334658,soft-drinks,ZRTales,2025-04-27 12:56:28.388664,10,False,4.0,436,50,https://www.zrtales.com/products/73061
Rexona Deodorant 40ml,6475.878309909196,personal-care,ZRTales,2025-05-01 12:56:28.388676,30,False,4.7,759,33,https://www.zrtales.com/products/15029
Hisense 20-Inch Flat Screen TV,434690.09047703363,electronics,ZRTales,2025-04-29 12:56:28.388688,10,True,2.3,850,75,https://www.zrtales.com/products/32379
Golden Penny Rice 65kg,7433.039883252901,food,ZRTales,2025-04-24 12:56:28.388700,25,True,3.2,798,39,https://www.zrtales.com/products/63421
Men's Cotton T-Shirt Size 250,2260.235252430055,fashion,ZRTales,2025-04-23 12:56:28.388713,30,False,2.3,165,50,https://www.zrtales.com/products/11221
Orbit Chewing Gum 55g,4043.5946290042734,snacks,ZRTales,2025-04-26 12:56:28.388725,15,False,2.0,629,91,https://www.zrtales.com/products/70250
Kitchen Cabinet Set,150865.29597373735,furniture,ZRTales,2025-04-27 12:56:28.388737,10,False,2.9,771,48,https://www.zrtales.com/products/32215
Teem Bitter Lemon 250L,5294.358448200647,soft-drinks,ZRTales,2025-04-13 12:56:28.388751,20,False,1.5,537,25,https://www.zrtales.com/products/72013
Honeywell Semolina 1000kg,3520.7607611090684,food,ZRTales,2025-04-17 12:56:28.388763,10,True,1.9,711,45,https://www.zrtales.com/products/44025
Sony 55-Inch LED TV,316744.0085411373,electronics,LaternaBooks,2025-05-06 12:56:28.388776,5,False,1.1,482,40,https://www.laternabooks.com/products/48676
Lipton Yellow Label Tea 500g,1203.997547059883,beverages,LaternaBooks,2025-04-26 12:56:28.388789,30,False,1.7,930,74,https://www.laternabooks.com/products/52364
Hisense 50-Inch Flat Screen TV,298116.0075371842,electronics,LaternaBooks,2025-05-02 12:56:28.388801,15,False,2.7,272,73,https://www.laternabooks.com/products/29660
Harpic Toilet Cleaner 15L,2131.5322536290537,detergents,LaternaBooks,2025-04-30 12:56:28.388812,30,False,4.0,490,93,https://www.laternabooks.com/products/39738
Dettol Surface Cleaner 20L,8944.479806410662,detergents,LaternaBooks,2025-05-02 12:56:28.388825,10,False,2.5,44,50,https://www.laternabooks.com/products/16579
Designer Wristwatch,2823.8018454363664,fashion,LaternaBooks,2025-05-04 12:56:28.388837,10,False,3.8,897,47,https://www.laternabooks.com/products/19844
Michelin Tires Size 32,43463.253822861196,automotive,LaternaBooks,2025-04-20 12:56:28.388848,10,False,2.3,110,15,https://www.laternabooks.com/products/10288
Pringles Special 15g,3279.242174813155,snacks,LaternaBooks,2025-04-17 12:56:28.388860,30,False,1.5,938,15,https://www.laternabooks.com/products/52197
Cowbell Milk Powder 32g,9678.659781876371,beverages,LaternaBooks,2025-04-24 12:56:28.388874,5,False,4.3,477,54,https://www.laternabooks.com/products/24635
First Aid Kit,528.4735699765811,health,LaternaBooks,2025-05-13 12:56:28.388887,10,False,4.8,618,41,https://www.laternabooks.com/products/81773
Hypo Bleach 20L,3558.492320222118,detergents,CSSBookshops,2025-04-22 12:56:28.388898,15,False,4.3,233,95,https://www.cssbookshops.com/products/47177
Tom Tom Sweet 500g,2316.8677738044544,snacks,CSSBookshops,2025-05-12 12:56:28.388911,10,False,2.5,200,25,https://www.cssbookshops.com/products/62292
Dettol Soap 100g,3435.245826469524,personal-care,CSSBookshops,2025-05-06 12:56:28.388925,25,False,3.4,315,71,https://www.cssbookshops.com/products/63400
Lipton Yellow Label Tea 200g,2373.764892652942,beverages,CSSBookshops,2025-05-13 12:56:28.388937,25,True,4.6,222,32,https://www.cssbookshops.com/products/77441
Golden Penny Spaghetti 32g,3621.606687120079,food,CSSBookshops,2025-04-16 12:56:28.388949,5,False,1.1,32,63,https://www.cssbookshops.com/products/89442
Lux Soap 100g,9351.378267837033,personal-care,CSSBookshops,2025-04-23 12:56:28.388963,5,False,4.8,566,93,https://www.cssbookshops.com/products/13450
Dettol Soap 50g,9076.0264733421,personal-care,CSSBookshops,2025-04-24 12:56:28.388975,20,False,3.4,297,82,https://www.cssbookshops.com/products/58030
Digital Thermometer,5023.141588354936,health,CSSBookshops,2025-04-27 12:56:28.388987,20,False,3.9,925,35,https://www.cssbookshops.com/products/29446
65-Seater Sofa Set,116591.67347817366,furniture,CSSBookshops,2025-04-23 12:56:28.389001,25,False,3.5,589,70,https://www.cssbookshops.com/products/66449
Sony 200-Inch LED TV,74620.87852689052,electronics,CSSBookshops,2025-05-04 12:56:28.389012,20,False,4.2,183,91,https://www.cssbookshops.com/products/31020
Paracetamol Tablets 55mg,4939.540777358942,health,BookvilleWorld,2025-05-05 12:56:28.389025,25,False,3.8,628,11,https://www.bookvilleworld.com/products/12097
Rexona Deodorant 10ml,5949.545805302515,personal-care,BookvilleWorld,2025-05-02 12:56:28.389037,5,False,2.6,601,66,https://www.bookvilleworld.com/products/59393
250-Seater Sofa Set,77110.17444789478,furniture,BookvilleWorld,2025-05-04 12:56:28.389048,0,False,1.1,381,12,https://www.bookvilleworld.com/products/97129
Mirinda 15L,7082.933950580606,soft-drinks,BookvilleWorld,2025-04-15 12:56:28.389131,30,False,2.8,743,53,https://www.bookvilleworld.com/products/95704
Dano Milk Powder 500g,6106.24256023048,beverages,BookvilleWorld,2025-04-25 12:56:28.389145,25,False,1.8,440,98,https://www.bookvilleworld.com/products/90546
Sprite 5L,9152.936815860181,soft-drinks,BookvilleWorld,2025-05-08 12:56:28.389158,10,False,4.9,302,75,https://www.bookvilleworld.com/products/49589
Sprite 500L,3674.565565825107,soft-drinks,BookvilleWorld,2025-04-22 12:56:28.389170,25,False,2.4,549,44,https://www.bookvilleworld.com/products/95717
Pure Bliss Wafers 65g,3071.889039950428,snacks,BookvilleWorld,2025-04-20 12:56:28.389182,10,False,2.2,864,13,https://www.bookvilleworld.com/products/22694
Surf Excel Detergent 5kg,4536.36004418348,detergents,BookvilleWorld,2025-04-21 12:56:28.389197,0,True,2.8,147,11,https://www.bookvilleworld.com/products/40142
Hypo Bleach 15L,3775.230170322131,detergents,BookvilleWorld,2025-04-22 12:56:28.389209,25,False,4.0,332,66,https://www.bookvilleworld.com/products/54472
Oral-B Toothbrush,2579.296343955419,personal-care,OneHealthNG,2025-04-29 12:56:28.389222,30,False,2.3,94,84,https://www.onehealthng.com/products/32187
Dashboard Camera,26017.47126887671,automotive,OneHealthNG,2025-05-06 12:56:28.389236,5,False,1.9,993,85,https://www.onehealthng.com/products/85625
Holy Bible King James Version,2706.9070019194164,books,OneHealthNG,2025-05-05 12:56:28.389248,15,False,3.1,283,72,https://www.onehealthng.com/products/44555
McVitie's Digestive 1000g,6769.307374755319,snacks,OneHealthNG,2025-04-30 12:56:28.389264,25,False,2.0,995,48,https://www.onehealthng.com/products/34999
Queen Size Bed Frame,168208.64476532832,furniture,OneHealthNG,2025-04-15 12:56:28.389277,20,False,2.3,285,49,https://www.onehealthng.com/products/25038
Seat Covers Set,58802.345703551844,automotive,OneHealthNG,2025-04-19 12:56:28.389289,5,False,2.5,33,48,https://www.onehealthng.com/products/80220
Holy Bible King James Version,4380.274070539488,books,OneHealthNG,2025-05-08 12:56:28.389300,30,False,4.4,602,35,https://www.onehealthng.com/products/86458
Samsung Galaxy A55 Smartphone,334599.1393934786,electronics,OneHealthNG,2025-04-30 12:56:28.389311,25,True,3.3,253,30,https://www.onehealthng.com/products/23030
TV Stand with Storage,141074.5701663826,furniture,OneHealthNG,2025-05-13 12:56:28.389325,30,True,2.9,623,35,https://www.onehealthng.com/products/33677
Gino Tomato Paste 20g,3020.077677047668,food,OneHealthNG,2025-05-10 12:56:28.389336,30,False,2.9,292,71,https://www.onehealthng.com/products/25342
Hand Sanitizer 250ml,8653.014838559786,health,MyMedicines,2025-05-07 12:56:28.389350,5,False,3.9,532,30,https://www.mymedicines.com/products/19501
Car Wash Kit,35847.974626226205,automotive,MyMedicines,2025-04-16 12:56:28.389362,15,False,1.3,421,24,https://www.mymedicines.com/products/56946
Mosquito Repellent Spray 20ml,2166.53045571619,health,MyMedicines,2025-04-13 12:56:28.389373,5,False,4.2,76,42,https://www.mymedicines.com/products/75291
Nike Sports Shoes Size 40,6606.550635615146,fashion,MyMedicines,2025-04-24 12:56:28.389386,0,False,4.2,186,72,https://www.mymedicines.com/products/65249
Mosquito Repellent Spray 32ml,1733.5034088204802,health,MyMedicines,2025-04-22 12:56:28.389397,25,False,3.0,68,60,https://www.mymedicines.com/products/68076
Office Desk,64969.25506737474,furniture,MyMedicines,2025-04-19 12:56:28.389410,5,False,2.1,309,73,https://www.mymedicines.com/products/75937
Half of a Yellow Sun by Chimamanda Adichie,7936.754019880642,books,MyMedicines,2025-04-25 12:56:28.389421,30,False,4.0,346,51,https://www.mymedicines.com/products/97062
WAEC Examination Prep Book,8881.721259545606,books,MyMedicines,2025-04-30 12:56:28.389433,30,False,3.1,504,43,https://www.mymedicines.com/products/71341
Children's School Uniform Set,4132.297287033274,fashion,MyMedicines,2025-04-26 12:56:28.389449,30,False,2.1,829,69,https://www.mymedicines.com/products/47388
Leather Handbag,3914.6753043605663,fashion,MyMedicines,2025-04-30 12:56:28.389461,30,False,1.5,31,95,https://www.mymedicines.com/products/76248
Nescafé Classic Coffee 250g,7535.636914592643,beverages,HealthPlusNigeria,2025-04-22 12:56:28.389473,25,False,4.6,791,57,https://www.healthplusnigeria.com/products/76263
Close-Up Toothpaste 40g,8348.291259772708,personal-care,HealthPlusNigeria,2025-04-19 12:56:28.389485,0,False,2.5,651,12,https://www.healthplusnigeria.com/products/51049
Wardrobe 50 Doors,190551.65099324915,furniture,HealthPlusNigeria,2025-04-18 12:56:28.389502,0,False,4.2,546,59,https://www.healthplusnigeria.com/products/93207
Leather Handbag,5710.563727266482,fashion,HealthPlusNigeria,2025-04-30 12:56:28.389516,25,False,3.8,590,94,https://www.healthplusnigeria.com/products/35730
University Textbook Set,2324.592745955962,books,HealthPlusNigeria,2025-04-25 12:56:28.389528,30,True,2.9,747,18,https://www.healthplusnigeria.com/products/81095
Lux Soap 40g,8733.030327594475,personal-care,HealthPlusNigeria,2025-04-20 12:56:28.389539,15,False,4.6,46,98,https://www.healthplusnigeria.com/products/63262
Fanta Orange 65L,811.6129390486944,soft-drinks,HealthPlusNigeria,2025-04-30 12:56:28.389551,0,False,2.3,640,5,https://www.healthplusnigeria.com/products/29545
University Textbook Set,4911.918874757013,books,HealthPlusNigeria,2025-05-10 12:56:28.389563,10,True,2.9,320,89,https://www.healthplusnigeria.com/products/47513
Dettol Surface Cleaner 500L,9329.609094090616,detergents,HealthPlusNigeria,2025-05-03 12:56:28.389591,20,False,1.1,42,20,https://www.healthplusnigeria.com/products/61399
Half of a Yellow Sun by Chimamanda Adichie,8657.976465290332,books,HealthPlusNigeria,2025-05-05 12:56:28.389604,30,False,2.6,437,30,https://www.healthplusnigeria.com/products/28575
Gold Plated Necklace,6381.554411397847,fashion,MedPlusNig,2025-05-04 12:56:28.389617,0,False,3.2,784,42,https://www.medplusnig.com/products/18592
Ariel Detergent Powder 55kg,9665.940723292284,detergents,MedPlusNig,2025-04-22 12:56:28.389628,30,False,3.8,587,71,https://www.medplusnig.com/products/52856
Hand Sanitizer 50ml,7824.240304012125,health,MedPlusNig,2025-04-27 12:56:28.389640,20,False,4.6,328,92,https://www.medplusnig.com/products/23364
Head & Shoulders Shampoo 65ml,7657.305822685289,personal-care,MedPlusNig,2025-04-30 12:56:28.389652,15,False,3.2,198,87,https://www.medplusnig.com/products/73985
Peak Milk Powder 100g,8908.380916482938,beverages,MedPlusNig,2025-05-10 12:56:28.389664,5,False,1.2,15,17,https://www.medplusnig.com/products/98011
Hand Sanitizer 2000ml,5415.041912842209,health,MedPlusNig,2025-05-05 12:56:28.389677,10,False,4.4,581,55,https://www.medplusnig.com/products/40856
Nivea Body Lotion 15ml,5839.212980967554,personal-care,MedPlusNig,2025-04-18 12:56:28.389689,0,True,4.1,48,48,https://www.medplusnig.com/products/99252
Dashboard Camera,38952.146684151056,automotive,MedPlusNig,2025-04-22 12:56:28.389701,15,False,2.5,665,47,https://www.medplusnig.com/products/74579
First Aid Kit,2035.669505462629,health,MedPlusNig,2025-05-04 12:56:28.389715,5,True,2.4,956,48,https://www.medplusnig.com/products/91559
Head & Shoulders Shampoo 20ml,8752.502484644523,personal-care,MedPlusNig,2025-04-15 12:56:28.389727,5,True,2.3,338,32,https://www.medplusnig.com/products/57420
Dettol Soap 500g,746.8787558195171,personal-care,GZ-Supplies,2025-05-04 12:56:28.389739,0,False,4.0,746,76,https://www.gz-supplies.com/products/26480
Orbit Chewing Gum 200g,7498.373928286221,snacks,GZ-Supplies,2025-05-06 12:56:28.389751,5,False,4.2,675,44,https://www.gz-supplies.com/products/34926
Windshield Wipers Set,67072.01983137321,automotive,GZ-Supplies,2025-05-13 12:56:28.389763,0,True,3.0,971,100,https://www.gz-supplies.com/products/83781
LG 500-Inch Smart TV,103106.89375356263,electronics,GZ-Supplies,2025-04-14 12:56:28.389775,0,False,2.2,730,53,https://www.gz-supplies.com/products/87673
Golden Penny Spaghetti 55g,4760.542327673163,food,GZ-Supplies,2025-04-13 12:56:28.389788,0,True,4.7,379,74,https://www.gz-supplies.com/products/23648
Samsung Galaxy A65 Smartphone,459989.5060803342,electronics,GZ-Supplies,2025-04-28 12:56:28.389801,20,False,2.4,742,95,https://www.gz-supplies.com/products/32573
Hisense 20-Inch Flat Screen TV,148734.2296378362,electronics,GZ-Supplies,2025-04-17 12:56:28.389812,20,False,3.6,499,12,https://www.gz-supplies.com/products/75889
Close-Up Toothpaste 1000g,3109.405825425475,personal-care,GZ-Supplies,2025-04-28 12:56:28.389824,10,True,1.0,464,77,https://www.gz-supplies.com/products/69692
First Aid Kit,4715.483569725205,health,GZ-Supplies,2025-05-05 12:56:28.389850,5,True,3.0,788,59,https://www.gz-supplies.com/products/87226
Holy Quran with Translation,6369.274806688125,books,GZ-Supplies,2025-05-06 12:56:28.389865,5,False,3.7,224,41,https://www.gz-supplies.com/products/36404
Harpic Toilet Cleaner 65L,7963.80569072812,detergents,Autochek,2025-04-21 12:56:28.389877,20,True,2.7,193,68,https://www.autochek.com/products/93035
Gino Tomato Paste 32g,7143.876598540093,food,Autochek,2025-05-04 12:56:28.389889,10,False,1.6,972,18,https://www.autochek.com/products/64775
Face Masks Pack of 15,6959.490453213209,health,Autochek,2025-04-14 12:56:28.389901,5,True,4.8,212,96,https://www.autochek.com/products/51465
Milo Energy Drink 5g,5767.139281545847,beverages,Autochek,2025-04-25 12:56:28.389914,20,True,2.2,511,91,https://www.autochek.com/products/71903
Ovaltine Malted Drink 40g,5912.396522591396,beverages,Autochek,2025-05-12 12:56:28.389926,10,False,4.2,14,81,https://www.autochek.com/products/13333
500-Seater Sofa Set,102354.37632010995,furniture,Autochek,2025-05-03 12:56:28.389940,30,True,3.3,973,39,https://www.autochek.com/products/43785
WAEC Examination Prep Book,8521.322966283686,books,Autochek,2025-04-19 12:56:28.389953,15,False,4.7,421,46,https://www.autochek.com/products/90592
TV Stand with Storage,171695.59035815846,furniture,Autochek,2025-05-06 12:56:28.389964,5,False,1.4,612,85,https://www.autochek.com/products/60549
Harpic Toilet Cleaner 20L,8002.365151866786,detergents,Autochek,2025-04-29 12:56:28.389977,20,False,3.8,307,1,https://www.autochek.com/products/86884
Office Desk,139798.49055833637,furniture,Autochek,2025-05-02 12:56:28.389989,25,False,1.8,623,26,https://www.autochek.com/products/12004
Dove Soap 40g,2714.2451560838904,personal-care,JijiCars,2025-05-05 12:56:28.390001,15,False,2.6,40,93,https://www.jijicars.com/products/69352
Golden Penny Rice 20kg,7310.070617754018,food,JijiCars,2025-04-23 12:56:28.390013,15,False,4.2,947,36,https://www.jijicars.com/products/39478
Dettol Surface Cleaner 55L,1952.8334201298542,detergents,JijiCars,2025-04-19 12:56:28.390026,15,False,2.0,232,63,https://www.jijicars.com/products/91952
Oral-B Toothbrush,5224.062323555395,personal-care,JijiCars,2025-04-20 12:56:28.390040,0,False,1.1,879,52,https://www.jijicars.com/products/92412
Dove Soap 55g,1977.0848925265161,personal-care,JijiCars,2025-04-13 12:56:28.390052,20,False,3.9,433,35,https://www.jijicars.com/products/70566
Dano Milk Powder 2000g,6709.379375092669,beverages,JijiCars,2025-05-10 12:56:28.390078,30,False,4.5,732,36,https://www.jijicars.com/products/58075
Vitamin C Supplements 1000mg,6508.482705000432,health,JijiCars,2025-05-06 12:56:28.390094,20,True,1.3,213,78,https://www.jijicars.com/products/27460
Blood Pressure Monitor,2453.732960565709,health,JijiCars,2025-04-23 12:56:28.390107,20,True,3.4,498,43,https://www.jijicars.com/products/17948
Seat Covers Set,54363.856572587996,automotive,JijiCars,2025-04-22 12:56:28.390120,30,False,4.2,96,83,https://www.jijicars.com/products/54496
Bookshelf 200 Tiers,170965.8124749326,furniture,JijiCars,2025-05-11 12:56:28.390132,0,True,1.2,445,96,https://www.jijicars.com/products/62621
Office Desk,112952.20860087156,furniture,Kusnap,2025-05-12 12:56:28.390144,30,False,1.5,139,19,https://www.kusnap.com/products/93822
Samsung Galaxy A40 Smartphone,384452.8401641208,electronics,Kusnap,2025-05-09 12:56:28.390157,30,False,1.6,180,23,https://www.kusnap.com/products/88969
Tecno Spark 50 Smartphone,92875.2359166933,electronics,Kusnap,2025-04-23 12:56:28.390169,25,False,4.7,308,3,https://www.kusnap.com/products/24336
Hisense 50-Inch Flat Screen TV,28685.234838187076,electronics,Kusnap,2025-05-06 12:56:28.390181,10,False,4.3,144,61,https://www.kusnap.com/products/97909
Dove Soap 40g,3379.1068734805917,personal-care,Kusnap,2025-04-25 12:56:28.390193,0,True,3.4,233,100,https://www.kusnap.com/products/15932
Nestlé Pure Life Water 40L,7023.256999727189,beverages,Kusnap,2025-05-10 12:56:28.390205,20,False,2.3,631,51,https://www.kusnap.com/products/11434
Nike Sports Shoes Size 250,6858.233052720105,fashion,Kusnap,2025-04-16 12:56:28.390217,15,False,3.9,229,79,https://www.kusnap.com/products/27589
Windshield Wipers Set,16684.95597986131,automotive,Kusnap,2025-04-13 12:56:28.390229,5,False,4.9,806,13,https://www.kusnap.com/products/83260
Wardrobe 2000 Doors,40298.68782456736,furniture,Kusnap,2025-05-12 12:56:28.390244,5,False,4.8,85,87,https://www.kusnap.com/products/64471
Seat Covers Set,95568.029664534,automotive,Kusnap,2025-05-07 12:56:28.390257,5,False,4.8,461,66,https://www.kusnap.com/products/64730
Seat Covers Set,51671.97799741152,automotive,VConnect,2025-05-06 12:56:28.390269,30,False,4.4,139,14,https://www.vconnect.com/products/63667
Rexona Deodorant 200ml,7721.025238799114,personal-care,VConnect,2025-04-17 12:56:28.390281,20,False,1.7,191,55,https://www.vconnect.com/products/37848
Office Desk,41042.01827432941,furniture,VConnect,2025-05-04 12:56:28.390294,10,False,2.5,910,7,https://www.vconnect.com/products/17785
Things Fall Apart by Chinua Achebe,989.0969269935646,books,VConnect,2025-05-04 12:56:28.390306,20,False,1.9,720,7,https://www.vconnect.com/products/28579
Ovaltine Malted Drink 250g,9095.469537000745,beverages,VConnect,2025-04-17 12:56:28.390317,20,False,4.2,462,71,https://www.vconnect.com/products/10962
Holy Bible King James Version,8454.790529192618,books,VConnect,2025-04-17 12:56:28.390329,10,False,4.1,40,100,https://www.vconnect.com/products/94285
Hand Sanitizer 10ml,5204.672255791619,health,VConnect,2025-04-15 12:56:28.390341,0,False,2.4,101,94,https://www.vconnect.com/products/37999
Fanta Orange 15L,3938.292564471453,soft-drinks,VConnect,2025-05-10 12:56:28.390402,20,False,1.2,907,73,https://www.vconnect.com/products/47227
Head & Shoulders Shampoo 20ml,1524.018933335014,personal-care,VConnect,2025-05-09 12:56:28.390420,5,True,4.0,313,27,https://www.vconnect.com/products/70297
Car Engine Oil 100L,26265.871560589792,automotive,VConnect,2025-05-12 12:56:28.390433,20,False,4.1,412,63,https://www.vconnect.com/products/26468
Digestive Biscuits 200g,8373.1785334148,snacks,Tofa,2025-04-14 12:56:28.390445,10,True,2.8,817,15,https://www.tofa.com/products/94242
Titus Sardines 15g,4401.573535917591,food,Tofa,2025-05-12 12:56:28.390457,20,True,4.2,728,86,https://www.tofa.com/products/19951
Indomie Noodles Special 55g,1770.5329874318495,food,Tofa,2025-04-18 12:56:28.390470,20,False,2.5,391,41,https://www.tofa.com/products/64041
Pepsi 10L,8075.9160654773505,soft-drinks,Tofa,2025-04-22 12:56:28.390482,20,False,1.5,976,99,https://www.tofa.com/products/25320
Sony 50-Inch LED TV,291505.07341792545,electronics,Tofa,2025-05-03 12:56:28.390494,25,False,1.9,686,59,https://www.tofa.com/products/56524
Ovaltine Malted Drink 250g,4063.869958634281,beverages,Tofa,2025-05-01 12:56:28.390514,0,False,4.2,864,66,https://www.tofa.com/products/57034
Lux Soap 10g,2910.91915434184,personal-care,Tofa,2025-05-08 12:56:28.390526,25,False,2.8,970,37,https://www.tofa.com/products/49036
Half of a Yellow Sun by Chimamanda Adichie,4079.2404018920456,books,Tofa,2025-04-19 12:56:28.390538,0,True,4.5,343,86,https://www.tofa.com/products/84542
Lux Soap 10g,7479.372383869883,personal-care,Tofa,2025-05-08 12:56:28.390558,10,False,1.7,470,81,https://www.tofa.com/products/30651
Lux Soap 1000g,2411.2172354374766,personal-care,Tofa,2025-04-29 12:56:28.390571,15,False,1.8,840,70,https://www.tofa.com/products/81381
Car Air Freshener,57139.21808706046,automotive,NBS,2025-04-14 12:56:28.390584,5,True,3.8,321,41,https://www.nbs.com/products/95761
Lux Soap 5g,4241.632821931181,personal-care,NBS,2025-04-30 12:56:28.390595,10,True,4.7,242,68,https://www.nbs.com/products/30821
Men's Cotton T-Shirt Size 65,2228.429961553491,fashion,NBS,2025-05-06 12:56:28.390608,25,False,5.0,705,71,https://www.nbs.com/products/53144
Vitamin C Supplements 250mg,8606.673714026929,health,NBS,2025-04-21 12:56:28.390620,30,False,3.6,74,69,https://www.nbs.com/products/53837
Digestive Biscuits 500g,2541.526327041932,snacks,NBS,2025-04-26 12:56:28.390632,25,True,2.3,567,61,https://www.nbs.com/products/25485
Windshield Wipers Set,31299.24204383036,automotive,NBS,2025-04-15 12:56:28.390644,30,True,1.5,571,52,https://www.nbs.com/products/58604
Tom Tom Sweet 55g,2154.227599482545,snacks,NBS,2025-04-29 12:56:28.390656,30,False,4.0,404,65,https://www.nbs.com/products/25866
Pringles Spicy 500g,6322.41935043124,snacks,NBS,2025-04-27 12:56:28.390668,10,False,3.6,85,11,https://www.nbs.com/products/71837
Designer Wristwatch,6434.466959274318,fashion,NBS,2025-05-02 12:56:28.390682,0,True,3.5,520,60,https://www.nbs.com/products/71167
Knorr Seasoning Cubes 10g,2340.5576423678885,food,NBS,2025-04-20 12:56:28.390693,30,False,3.5,716,5,https://www.nbs.com/products/60397
Surf Excel Detergent 65kg,3354.1663311519023,detergents,SMEdenMarket,2025-04-22 12:56:28.390706,0,False,2.8,368,38,https://www.smedenmarket.com/products/81334
Children's School Uniform Set,2347.093297126801,fashion,SMEdenMarket,2025-05-05 12:56:28.390719,25,False,3.8,997,34,https://www.smedenmarket.com/products/46618
Car Engine Oil 40L,68156.38946302337,automotive,SMEdenMarket,2025-04-30 12:56:28.390731,5,False,2.0,33,50,https://www.smedenmarket.com/products/42961
Head & Shoulders Shampoo 40ml,2006.6532612496933,personal-care,SMEdenMarket,2025-04-29 12:56:28.390743,30,False,3.0,707,24,https://www.smedenmarket.com/products/42358
JBL Bluetooth Speaker,424826.9473697965,electronics,SMEdenMarket,2025-04-30 12:56:28.390755,0,False,1.9,229,53,https://www.smedenmarket.com/products/70213
Office Desk,128843.7891172037,furniture,SMEdenMarket,2025-04-21 12:56:28.390767,30,True,1.8,751,90,https://www.smedenmarket.com/products/35009
Pringles Beef 40g,2589.21309820585,snacks,SMEdenMarket,2025-04-23 12:56:28.390778,5,False,1.6,659,91,https://www.smedenmarket.com/products/55536
Cowbell Milk Powder 1000g,7140.253191181641,beverages,SMEdenMarket,2025-05-01 12:56:28.390790,10,True,2.4,425,61,https://www.smedenmarket.com/products/64858
Ovaltine Malted Drink 2000g,4179.065078082351,beverages,SMEdenMarket,2025-05-06 12:56:28.390804,30,False,2.6,522,51,https://www.smedenmarket.com/products/95305
Michelin Tires Size 55,86084.9866377054,automotive,SMEdenMarket,2025-04-19 12:56:28.390816,25,False,3.2,401,26,https://www.smedenmarket.com/products/45534
Digital Thermometer,3680.880121888316,health,NEPC,2025-04-15 12:56:28.390830,25,False,1.2,470,83,https://www.nepc.com/products/93807
Ankara Fabric 2000 Yards,8631.588017930375,fashion,NEPC,2025-05-11 12:56:28.390842,30,False,2.3,435,13,https://www.nepc.com/products/26170
Designer Wristwatch,4904.11427356024,fashion,NEPC,2025-05-09 12:56:28.390854,25,False,1.6,94,75,https://www.nepc.com/products/58451
Dano Milk Powder 250g,7217.260945515246,beverages,NEPC,2025-04-30 12:56:28.390865,10,False,3.6,308,53,https://www.nepc.com/products/31668
Windshield Wipers Set,46423.73172070435,automotive,NEPC,2025-04-22 12:56:28.390877,10,False,3.3,334,5,https://www.nepc.com/products/76256
Holy Quran with Translation,7598.667114366491,books,NEPC,2025-05-05 12:56:28.390889,0,False,4.4,88,24,https://www.nepc.com/products/73274
Dettol Surface Cleaner 15L,4313.299090177985,detergents,NEPC,2025-05-11 12:56:28.390900,25,False,4.5,887,15,https://www.nepc.com/products/14706
Schweppes Tonic Water 10L,4217.710216038667,soft-drinks,NEPC,2025-05-07 12:56:28.390913,25,False,4.1,419,36,https://www.nepc.com/products/20776
Seat Covers Set,62375.07109751998,automotive,NEPC,2025-04-21 12:56:28.390927,0,False,1.5,148,70,https://www.nepc.com/products/71896
Tom Tom Sweet 1000g,2495.1912303962517,snacks,NEPC,2025-04-16 12:56:28.390938,15,False,1.6,948,60,https://www.nepc.com/products/40407
Titus Sardines 250g,7811.282555373148,food,Nairametrics,2025-05-10 12:56:28.390951,20,True,4.9,441,44,https://www.nairametrics.com/products/24387
Business Management Guide,2642.212382078253,books,Nairametrics,2025-05-12 12:56:28.390962,0,False,1.0,477,50,https://www.nairametrics.com/products/12152
Nescafé Classic Coffee 20g,4756.0520117897095,beverages,Nairametrics,2025-05-07 12:56:28.390974,30,True,4.1,216,45,https://www.nairametrics.com/products/19754
Things Fall Apart by Chinua Achebe,8447.326259532536,books,Nairametrics,2025-04-25 12:56:28.390986,30,True,1.5,842,34,https://www.nairametrics.com/products/27259
Things Fall Apart by Chinua Achebe,8502.462291411164,books,Nairametrics,2025-05-11 12:56:28.390998,5,False,1.0,270,14,https://www.nairametrics.com/products/86709
Dove Soap 50g,3283.927610492328,personal-care,Nairametrics,2025-04-26 12:56:28.391009,30,False,2.9,936,44,https://www.nairametrics.com/products/65844
Nestlé Pure Life Water 250L,4222.713937703923,beverages,Nairametrics,2025-05-04 12:56:28.391022,20,True,4.2,836,6,https://www.nairametrics.com/products/41850
Peak Milk Powder 15g,6667.1701702856635,beverages,Nairametrics,2025-05-08 12:56:28.391034,5,True,1.3,975,96,https://www.nairametrics.com/products/76417
Wardrobe 1000 Doors,98507.9887343054,furniture,Nairametrics,2025-05-11 12:56:28.391049,10,True,4.4,854,8,https://www.nairametrics.com/products/96875
Leather Handbag,7849.791222015328,fashion,Nairametrics,2025-04-14 12:56:28.391074,30,True,4.3,371,61,https://www.nairametrics.com/products/70820
Blood Pressure Monitor,844.8514254425695,health,Proshare,2025-05-07 12:56:28.391087,5,True,2.2,869,74,https://www.proshare.com/products/83810
Digital Thermometer,4235.630330588065,health,Proshare,2025-04-27 12:56:28.391102,15,True,1.8,21,14,https://www.proshare.com/products/29920
Nike Sports Shoes Size 500,6373.681110369451,fashion,Proshare,2025-04-25 12:56:28.391113,15,True,1.5,138,18,https://www.proshare.com/products/78817
LG 50-Inch Smart TV,307895.5575572744,electronics,Proshare,2025-04-28 12:56:28.391126,10,True,4.3,309,46,https://www.proshare.com/products/67236
Michelin Tires Size 40,14121.306842396549,automotive,Proshare,2025-05-04 12:56:28.391140,5,False,4.1,402,31,https://www.proshare.com/products/84332
Harpic Toilet Cleaner 10L,2613.663009998095,detergents,Proshare,2025-05-10 12:56:28.391153,20,False,4.2,557,47,https://www.proshare.com/products/49071
Titus Sardines 40g,6128.211988741197,food,Proshare,2025-04-20 12:56:28.391166,15,False,3.5,302,87,https://www.proshare.com/products/46509
Golden Penny Rice 100kg,8338.962627913774,food,Proshare,2025-05-06 12:56:28.391178,25,False,2.5,527,58,https://www.proshare.com/products/81692
Surf Excel Detergent 200kg,9174.373435933623,detergents,Proshare,2025-05-08 12:56:28.391192,30,False,1.2,970,24,https://www.proshare.com/products/32750
Pure Bliss Wafers 1000g,1872.4514647791152,snacks,Proshare,2025-04-24 12:56:28.391204,25,False,3.4,626,98,https://www.proshare.com/products/43916
Tom Tom Sweet 50g,9431.375416957675,snacks,BusinessDay,2025-05-13 12:56:28.391217,30,False,1.4,884,76,https://www.businessday.com/products/89066
100-Seater Sofa Set,31807.53199864358,furniture,BusinessDay,2025-05-12 12:56:28.391231,20,True,2.8,585,74,https://www.businessday.com/products/74169
Bookshelf 5 Tiers,162244.84351285652,furniture,BusinessDay,2025-04-17 12:56:28.391243,10,False,4.0,427,67,https://www.businessday.com/products/85425
Oral-B Toothbrush,4417.788689319905,personal-care,BusinessDay,2025-04-22 12:56:28.391256,20,False,4.6,121,7,https://www.businessday.com/products/65339
Nivea Body Lotion 20ml,5976.602176622807,personal-care,BusinessDay,2025-05-02 12:56:28.391267,30,True,4.3,224,86,https://www.businessday.com/products/17081
Omo Multi-Active Detergent 10kg,9485.787011951032,detergents,BusinessDay,2025-04-27 12:56:28.391280,30,False,3.8,676,24,https://www.businessday.com/products/55230
Sony 65-Inch LED TV,41820.72374935788,electronics,BusinessDay,2025-04-14 12:56:28.391292,5,True,2.5,246,50,https://www.businessday.com/products/13038
Rexona Deodorant 200ml,4065.9142910752403,personal-care,BusinessDay,2025-05-04 12:56:28.391304,25,True,3.9,273,77,https://www.businessday.com/products/80514
Pepsi 55L,6933.043978270166,soft-drinks,BusinessDay,2025-04-17 12:56:28.391318,20,False,2.0,736,76,https://www.businessday.com/products/41421
Digital Thermometer,9512.11234303528,health,BusinessDay,2025-05-12 12:56:28.391331,15,False,4.9,574,18,https://www.businessday.com/products/43768
Gold Plated Necklace,575.3500924476482,fashion,TechpointMarketplace,2025-04-20 12:56:28.391344,20,False,4.1,973,89,https://www.techpointmarketplace.com/products/51986
Indomie Noodles Extra 32g,8855.178631843672,food,TechpointMarketplace,2025-04-27 12:56:28.391355,10,False,2.4,699,65,https://www.techpointmarketplace.com/products/57886
Mirinda 50L,2969.1937929305454,soft-drinks,TechpointMarketplace,2025-04-20 12:56:28.391368,25,False,1.4,585,14,https://www.techpointmarketplace.com/products/77108
Rexona Deodorant 65ml,7518.939006933021,personal-care,TechpointMarketplace,2025-04-25 12:56:28.391380,0,False,4.4,122,99,https://www.techpointmarketplace.com/products/94417
Pure Bliss Wafers 50g,7479.395196194811,snacks,TechpointMarketplace,2025-04-15 12:56:28.391392,15,True,1.1,168,66,https://www.techpointmarketplace.com/products/71938
Women's Summer Dress Size 5,1692.3937976923683,fashion,TechpointMarketplace,2025-04-19 12:56:28.391404,30,True,3.6,67,49,https://www.techpointmarketplace.com/products/35205
Holy Quran with Translation,2943.3662028420763,books,TechpointMarketplace,2025-05-13 12:56:28.391417,0,True,1.6,219,43,https://www.techpointmarketplace.com/products/78695
Face Masks Pack of 15,5914.357369700019,health,TechpointMarketplace,2025-04-23 12:56:28.391429,5,False,1.3,420,41,https://www.techpointmarketplace.com/products/74809
Morning Fresh Dishwashing Liquid 50L,6569.682518520598,detergents,TechpointMarketplace,2025-04-28 12:56:28.391446,0,False,2.7,421,56,https://www.techpointmarketplace.com/products/52979
Wardrobe 200 Doors,117559.16788179209,furniture,TechpointMarketplace,2025-05-08 12:56:28.391460,20,True,1.1,531,95,https://www.techpointmarketplace.com/products/19109
